id,name,path
1,ExecutedDeployBatch,/Users/kouheiootsuka/development/github/iq/server/app/models/executed_deploy_batch.rb
2,StandardQuestionnaire::HeartFailureOnLowSystolicBloodPressure,/Users/kouheiootsuka/development/github/iq/server/app/models/standard_questionnaire/heart_failure_on_low_systolic_blood_pressure.rb
3,StandardQuestionnaire,/Users/kouheiootsuka/development/github/iq/server/app/models/standard_questionnaire/heart_failure_on_low_systolic_blood_pressure.rb
4,StandardQuestionnaire::Oabss,/Users/kouheiootsuka/development/github/iq/server/app/models/standard_questionnaire/oabss.rb
5,StandardQuestionnaire,/Users/kouheiootsuka/development/github/iq/server/app/models/standard_questionnaire/oabss.rb
6,StandardQuestionnaire::Urology,/Users/kouheiootsuka/development/github/iq/server/app/models/standard_questionnaire/urology.rb
7,StandardQuestionnaire,/Users/kouheiootsuka/development/github/iq/server/app/models/standard_questionnaire/urology.rb
8,StandardQuestionnaire::PreAct,/Users/kouheiootsuka/development/github/iq/server/app/models/standard_questionnaire/pre_act.rb
9,StandardQuestionnaire,/Users/kouheiootsuka/development/github/iq/server/app/models/standard_questionnaire/pre_act.rb
10,StandardQuestionnaire::MedicalExam,/Users/kouheiootsuka/development/github/iq/server/app/models/standard_questionnaire/medical_exam.rb
11,StandardQuestionnaire,/Users/kouheiootsuka/development/github/iq/server/app/models/standard_questionnaire/medical_exam.rb
12,StandardQuestionnaire::GeneralInternalMedicine,/Users/kouheiootsuka/development/github/iq/server/app/models/standard_questionnaire/general_internal_medicine.rb
13,StandardQuestionnaire,/Users/kouheiootsuka/development/github/iq/server/app/models/standard_questionnaire/general_internal_medicine.rb
14,StandardQuestionnaire::Respiratory,/Users/kouheiootsuka/development/github/iq/server/app/models/standard_questionnaire/respiratory.rb
15,StandardQuestionnaire,/Users/kouheiootsuka/development/github/iq/server/app/models/standard_questionnaire/respiratory.rb
16,StandardQuestionnaire::Ipss,/Users/kouheiootsuka/development/github/iq/server/app/models/standard_questionnaire/ipss.rb
17,StandardQuestionnaire,/Users/kouheiootsuka/development/github/iq/server/app/models/standard_questionnaire/ipss.rb
18,StandardQuestionnaire::PreGerdFscale,/Users/kouheiootsuka/development/github/iq/server/app/models/standard_questionnaire/pre_gerd_fscale.rb
19,StandardQuestionnaire,/Users/kouheiootsuka/development/github/iq/server/app/models/standard_questionnaire/pre_gerd_fscale.rb
20,StandardQuestionnaire::HeartFailure,/Users/kouheiootsuka/development/github/iq/server/app/models/standard_questionnaire/heart_failure.rb
21,StandardQuestionnaire,/Users/kouheiootsuka/development/github/iq/server/app/models/standard_questionnaire/heart_failure.rb
22,StandardQuestionnaire::Cardiology,/Users/kouheiootsuka/development/github/iq/server/app/models/standard_questionnaire/cardiology.rb
23,StandardQuestionnaire,/Users/kouheiootsuka/development/github/iq/server/app/models/standard_questionnaire/cardiology.rb
24,StandardQuestionnaire::HeartFailureOnHighSystolicBloodPressure,/Users/kouheiootsuka/development/github/iq/server/app/models/standard_questionnaire/heart_failure_on_high_systolic_blood_pressure.rb
25,StandardQuestionnaire,/Users/kouheiootsuka/development/github/iq/server/app/models/standard_questionnaire/heart_failure_on_high_systolic_blood_pressure.rb
26,StandardQuestionnaire::Mmrc,/Users/kouheiootsuka/development/github/iq/server/app/models/standard_questionnaire/mmrc.rb
27,StandardQuestionnaire,/Users/kouheiootsuka/development/github/iq/server/app/models/standard_questionnaire/mmrc.rb
28,StandardQuestionnaire::Act,/Users/kouheiootsuka/development/github/iq/server/app/models/standard_questionnaire/act.rb
29,StandardQuestionnaire,/Users/kouheiootsuka/development/github/iq/server/app/models/standard_questionnaire/act.rb
30,StandardQuestionnaire::Gastroenterology,/Users/kouheiootsuka/development/github/iq/server/app/models/standard_questionnaire/gastroenterology.rb
31,StandardQuestionnaire,/Users/kouheiootsuka/development/github/iq/server/app/models/standard_questionnaire/gastroenterology.rb
32,StandardQuestionnaire::Cat,/Users/kouheiootsuka/development/github/iq/server/app/models/standard_questionnaire/cat.rb
33,StandardQuestionnaire,/Users/kouheiootsuka/development/github/iq/server/app/models/standard_questionnaire/cat.rb
34,StandardQuestionnaire::Rapid3,/Users/kouheiootsuka/development/github/iq/server/app/models/standard_questionnaire/rapid3.rb
35,StandardQuestionnaire,/Users/kouheiootsuka/development/github/iq/server/app/models/standard_questionnaire/rapid3.rb
36,StandardQuestionnaire::Dbd13,/Users/kouheiootsuka/development/github/iq/server/app/models/standard_questionnaire/dbd13.rb
37,StandardQuestionnaire,/Users/kouheiootsuka/development/github/iq/server/app/models/standard_questionnaire/dbd13.rb
38,StandardQuestionnaire::PreOab,/Users/kouheiootsuka/development/github/iq/server/app/models/standard_questionnaire/pre_oab.rb
39,StandardQuestionnaire,/Users/kouheiootsuka/development/github/iq/server/app/models/standard_questionnaire/pre_oab.rb
40,StandardQuestionnaire::OrthopedicSurgery,/Users/kouheiootsuka/development/github/iq/server/app/models/standard_questionnaire/orthopedic_surgery.rb
41,StandardQuestionnaire,/Users/kouheiootsuka/development/github/iq/server/app/models/standard_questionnaire/orthopedic_surgery.rb
42,StandardQuestionnaire::Dementia,/Users/kouheiootsuka/development/github/iq/server/app/models/standard_questionnaire/dementia.rb
43,StandardQuestionnaire,/Users/kouheiootsuka/development/github/iq/server/app/models/standard_questionnaire/dementia.rb
44,StandardQuestionnaire::GerdFscale,/Users/kouheiootsuka/development/github/iq/server/app/models/standard_questionnaire/gerd_fscale.rb
45,StandardQuestionnaire,/Users/kouheiootsuka/development/github/iq/server/app/models/standard_questionnaire/gerd_fscale.rb
46,StandardQuestionnaire::PreBph,/Users/kouheiootsuka/development/github/iq/server/app/models/standard_questionnaire/pre_bph.rb
47,StandardQuestionnaire,/Users/kouheiootsuka/development/github/iq/server/app/models/standard_questionnaire/pre_bph.rb
48,StandardQuestionnaire::PreCopd,/Users/kouheiootsuka/development/github/iq/server/app/models/standard_questionnaire/pre_copd.rb
49,StandardQuestionnaire,/Users/kouheiootsuka/development/github/iq/server/app/models/standard_questionnaire/pre_copd.rb
50,DiseaseManagementProgramEntry,/Users/kouheiootsuka/development/github/iq/server/app/models/disease_management_program_entry.rb
51,Area,/Users/kouheiootsuka/development/github/iq/server/app/models/area.rb
52,ClinicClientCertificate,/Users/kouheiootsuka/development/github/iq/server/app/models/clinic_client_certificate.rb
53,CsMemo,/Users/kouheiootsuka/development/github/iq/server/app/models/cs_memo.rb
54,InquiryAssociation,/Users/kouheiootsuka/development/github/iq/server/app/models/inquiry_association.rb
55,State,/Users/kouheiootsuka/development/github/iq/server/app/models/state.rb
56,ExternalLink,/Users/kouheiootsuka/development/github/iq/server/app/models/external_link.rb
57,ClinicUser::ParameterSanitizer,/Users/kouheiootsuka/development/github/iq/server/app/models/clinic_user/parameter_sanitizer.rb
58,ClinicAuthenticationCode,/Users/kouheiootsuka/development/github/iq/server/app/models/clinic_authentication_code.rb
59,DiagnosisMemo,/Users/kouheiootsuka/development/github/iq/server/app/models/diagnosis_memo.rb
60,PartnerCompany,/Users/kouheiootsuka/development/github/iq/server/app/models/partner_company.rb
61,AuthenticationCode,/Users/kouheiootsuka/development/github/iq/server/app/models/authentication_code.rb
62,SubPartner,/Users/kouheiootsuka/development/github/iq/server/app/models/sub_partner.rb
63,InquiryAnsweredFile,/Users/kouheiootsuka/development/github/iq/server/app/models/inquiry_answered_file.rb
64,ReservationPicture,/Users/kouheiootsuka/development/github/iq/server/app/models/reservation_picture.rb
65,MonitoringDataPermission,/Users/kouheiootsuka/development/github/iq/server/app/models/monitoring_data_permission.rb
66,InquiryAnswer,/Users/kouheiootsuka/development/github/iq/server/app/models/inquiry_answer.rb
67,SpecializedQuestionOption,/Users/kouheiootsuka/development/github/iq/server/app/models/specialized_question_option.rb
68,SubPartnerCompany,/Users/kouheiootsuka/development/github/iq/server/app/models/sub_partner_company.rb
69,PendingPersonalUser,/Users/kouheiootsuka/development/github/iq/server/app/models/pending_personal_user.rb
70,QrCode,/Users/kouheiootsuka/development/github/iq/server/app/models/qr_code.rb
71,AdminIpAddress,/Users/kouheiootsuka/development/github/iq/server/app/models/admin_ip_address.rb
72,ClinicUser,/Users/kouheiootsuka/development/github/iq/server/app/models/clinic_user.rb
73,CsClinicContactDetail,/Users/kouheiootsuka/development/github/iq/server/app/models/cs_clinic_contact_detail.rb
74,ClinicAddress,/Users/kouheiootsuka/development/github/iq/server/app/models/clinic_address.rb
75,ReservationManualFrame,/Users/kouheiootsuka/development/github/iq/server/app/models/reservation_manual_frame.rb
76,QuestionTemplate,/Users/kouheiootsuka/development/github/iq/server/app/models/question_template.rb
77,VideoChatStatus,/Users/kouheiootsuka/development/github/iq/server/app/models/video_chat_status.rb
78,OrcaApiSecret,/Users/kouheiootsuka/development/github/iq/server/app/models/orca_api_secret.rb
79,ReservationRegularFrame,/Users/kouheiootsuka/development/github/iq/server/app/models/reservation_regular_frame.rb
80,Clinic,/Users/kouheiootsuka/development/github/iq/server/app/models/clinic.rb
81,Message,/Users/kouheiootsuka/development/github/iq/server/app/models/message.rb
82,SpecializedQuestionnaire,/Users/kouheiootsuka/development/github/iq/server/app/models/specialized_questionnaire.rb
83,ClinicUserToClinicalDepartment,/Users/kouheiootsuka/development/github/iq/server/app/models/clinic_user_to_clinical_department.rb
84,FileRecord,/Users/kouheiootsuka/development/github/iq/server/app/models/file_record.rb
85,MonitoringTargetValue,/Users/kouheiootsuka/development/github/iq/server/app/models/monitoring_target_value.rb
86,InquiryAnsweredOption,/Users/kouheiootsuka/development/github/iq/server/app/models/inquiry_answered_option.rb
87,CalendarMemo,/Users/kouheiootsuka/development/github/iq/server/app/models/calendar_memo.rb
88,InquiryResult,/Users/kouheiootsuka/development/github/iq/server/app/models/inquiry_result.rb
89,Notification,/Users/kouheiootsuka/development/github/iq/server/app/models/notification.rb
90,Questionnaire,/Users/kouheiootsuka/development/github/iq/server/app/models/questionnaire.rb
91,InquiryRecord,/Users/kouheiootsuka/development/github/iq/server/app/models/inquiry_record.rb
92,Patient,/Users/kouheiootsuka/development/github/iq/server/app/models/patient.rb
93,Device,/Users/kouheiootsuka/development/github/iq/server/app/models/device.rb
94,PersonalUser,/Users/kouheiootsuka/development/github/iq/server/app/models/personal_user.rb
95,Inquiry,/Users/kouheiootsuka/development/github/iq/server/app/models/inquiry.rb
96,Partner,/Users/kouheiootsuka/development/github/iq/server/app/models/partner.rb
97,InquiryAnsweredImage,/Users/kouheiootsuka/development/github/iq/server/app/models/inquiry_answered_image.rb
98,SpecializedQuestionnaireTrigger,/Users/kouheiootsuka/development/github/iq/server/app/models/specialized_questionnaire_trigger.rb
99,DiseaseManagementProgram,/Users/kouheiootsuka/development/github/iq/server/app/models/disease_management_program.rb
100,MessageThread,/Users/kouheiootsuka/development/github/iq/server/app/models/message_thread.rb
101,ClinicalDepartment,/Users/kouheiootsuka/development/github/iq/server/app/models/clinical_department.rb
102,ClinicCreditCard,/Users/kouheiootsuka/development/github/iq/server/app/models/clinic_credit_card.rb
103,PictureRecord,/Users/kouheiootsuka/development/github/iq/server/app/models/picture_record.rb
104,ClinicNotificationMailAddress,/Users/kouheiootsuka/development/github/iq/server/app/models/clinic_notification_mail_address.rb
105,ReservationMemo,/Users/kouheiootsuka/development/github/iq/server/app/models/reservation_memo.rb
106,Food,/Users/kouheiootsuka/development/github/iq/server/app/models/monitoring/food.rb
107,CalorieConsumption,/Users/kouheiootsuka/development/github/iq/server/app/models/monitoring/calorie_consumption.rb
108,Alcohol,/Users/kouheiootsuka/development/github/iq/server/app/models/monitoring/alcohol.rb
109,Smoking,/Users/kouheiootsuka/development/github/iq/server/app/models/monitoring/smoking.rb
110,Complaint,/Users/kouheiootsuka/development/github/iq/server/app/models/monitoring/complaint.rb
111,BodyWeight,/Users/kouheiootsuka/development/github/iq/server/app/models/monitoring/body_weight.rb
112,NumberOfStep,/Users/kouheiootsuka/development/github/iq/server/app/models/monitoring/number_of_step.rb
113,BloodGlucoseLevel,/Users/kouheiootsuka/development/github/iq/server/app/models/monitoring/blood_glucose_level.rb
114,BloodPressure,/Users/kouheiootsuka/development/github/iq/server/app/models/monitoring/blood_pressure.rb
115,RespiratoryRate,/Users/kouheiootsuka/development/github/iq/server/app/models/monitoring/respiratory_rate.rb
116,Spo2,/Users/kouheiootsuka/development/github/iq/server/app/models/monitoring/spo2.rb
117,WaterIntake,/Users/kouheiootsuka/development/github/iq/server/app/models/monitoring/water_intake.rb
118,Pulse,/Users/kouheiootsuka/development/github/iq/server/app/models/monitoring/pulse.rb
119,Hba1c,/Users/kouheiootsuka/development/github/iq/server/app/models/monitoring/hba1c.rb
120,ComplaintQuestion,/Users/kouheiootsuka/development/github/iq/server/app/models/monitoring/complaint_question.rb
121,BodyTemperature,/Users/kouheiootsuka/development/github/iq/server/app/models/monitoring/body_temperature.rb
122,SpecializedQuestion,/Users/kouheiootsuka/development/github/iq/server/app/models/specialized_question.rb
123,AdminUser,/Users/kouheiootsuka/development/github/iq/server/app/models/admin_user.rb
124,ApplicationRecord,/Users/kouheiootsuka/development/github/iq/server/app/models/application_record.rb
125,Geolocation,/Users/kouheiootsuka/development/github/iq/server/app/models/geolocation.rb
126,City,/Users/kouheiootsuka/development/github/iq/server/app/models/city.rb
127,CredentialUtils,/Users/kouheiootsuka/development/github/iq/server/app/models/concerns/credential_utils.rb
128,Paygent::InvoiceCsv,/Users/kouheiootsuka/development/github/iq/server/app/models/concerns/paygent/invoice_csv.rb
129,Paygent::DepositCard,/Users/kouheiootsuka/development/github/iq/server/app/models/concerns/paygent/deposit_card.rb
130,TitlesProcessMap::Entry,/Users/kouheiootsuka/development/github/iq/server/app/models/concerns/titles_process_map.rb
131,TitlesProcessMap,/Users/kouheiootsuka/development/github/iq/server/app/models/concerns/titles_process_map.rb
132,ReservationUtils,/Users/kouheiootsuka/development/github/iq/server/app/models/concerns/reservation_utils.rb
133,InquiryScoreMap,/Users/kouheiootsuka/development/github/iq/server/app/models/concerns/inquiry_score_map.rb
134,Agora,/Users/kouheiootsuka/development/github/iq/server/app/models/concerns/agora.rb
135,InquiryMap::Oabss,/Users/kouheiootsuka/development/github/iq/server/app/models/concerns/inquiry_map/oabss.rb
136,InquiryMap,/Users/kouheiootsuka/development/github/iq/server/app/models/concerns/inquiry_map/oabss.rb
137,InquiryMap::Urology,/Users/kouheiootsuka/development/github/iq/server/app/models/concerns/inquiry_map/urology.rb
138,InquiryMap,/Users/kouheiootsuka/development/github/iq/server/app/models/concerns/inquiry_map/urology.rb
139,InquiryMap::PreAct,/Users/kouheiootsuka/development/github/iq/server/app/models/concerns/inquiry_map/pre_act.rb
140,InquiryMap,/Users/kouheiootsuka/development/github/iq/server/app/models/concerns/inquiry_map/pre_act.rb
141,InquiryMap::MedicalExam,/Users/kouheiootsuka/development/github/iq/server/app/models/concerns/inquiry_map/medical_exam.rb
142,InquiryMap,/Users/kouheiootsuka/development/github/iq/server/app/models/concerns/inquiry_map/medical_exam.rb
143,InquiryMap::GeneralInternalMedicine,/Users/kouheiootsuka/development/github/iq/server/app/models/concerns/inquiry_map/general_internal_medicine.rb
144,InquiryMap,/Users/kouheiootsuka/development/github/iq/server/app/models/concerns/inquiry_map/general_internal_medicine.rb
145,InquiryMap::Respiratory,/Users/kouheiootsuka/development/github/iq/server/app/models/concerns/inquiry_map/respiratory.rb
146,InquiryMap,/Users/kouheiootsuka/development/github/iq/server/app/models/concerns/inquiry_map/respiratory.rb
147,InquiryMap::Ipss,/Users/kouheiootsuka/development/github/iq/server/app/models/concerns/inquiry_map/ipss.rb
148,InquiryMap,/Users/kouheiootsuka/development/github/iq/server/app/models/concerns/inquiry_map/ipss.rb
149,InquiryMap::PreGerdFscale,/Users/kouheiootsuka/development/github/iq/server/app/models/concerns/inquiry_map/pre_gerd_fscale.rb
150,InquiryMap,/Users/kouheiootsuka/development/github/iq/server/app/models/concerns/inquiry_map/pre_gerd_fscale.rb
151,InquiryMap::Cardiology,/Users/kouheiootsuka/development/github/iq/server/app/models/concerns/inquiry_map/cardiology.rb
152,InquiryMap,/Users/kouheiootsuka/development/github/iq/server/app/models/concerns/inquiry_map/cardiology.rb
153,InquiryMap::Mmrc,/Users/kouheiootsuka/development/github/iq/server/app/models/concerns/inquiry_map/mmrc.rb
154,InquiryMap,/Users/kouheiootsuka/development/github/iq/server/app/models/concerns/inquiry_map/mmrc.rb
155,InquiryMap::Act,/Users/kouheiootsuka/development/github/iq/server/app/models/concerns/inquiry_map/act.rb
156,InquiryMap,/Users/kouheiootsuka/development/github/iq/server/app/models/concerns/inquiry_map/act.rb
157,InquiryMap::Gastroenterology,/Users/kouheiootsuka/development/github/iq/server/app/models/concerns/inquiry_map/gastroenterology.rb
158,InquiryMap,/Users/kouheiootsuka/development/github/iq/server/app/models/concerns/inquiry_map/gastroenterology.rb
159,InquiryMap::Cat,/Users/kouheiootsuka/development/github/iq/server/app/models/concerns/inquiry_map/cat.rb
160,InquiryMap,/Users/kouheiootsuka/development/github/iq/server/app/models/concerns/inquiry_map/cat.rb
161,InquiryMap::Rapid3,/Users/kouheiootsuka/development/github/iq/server/app/models/concerns/inquiry_map/rapid3.rb
162,InquiryMap,/Users/kouheiootsuka/development/github/iq/server/app/models/concerns/inquiry_map/rapid3.rb
163,InquiryMap::PreOab,/Users/kouheiootsuka/development/github/iq/server/app/models/concerns/inquiry_map/pre_oab.rb
164,InquiryMap,/Users/kouheiootsuka/development/github/iq/server/app/models/concerns/inquiry_map/pre_oab.rb
165,InquiryMap::InquiryMapCommon,/Users/kouheiootsuka/development/github/iq/server/app/models/concerns/inquiry_map/inquiry_map_common.rb
166,InquiryMap,/Users/kouheiootsuka/development/github/iq/server/app/models/concerns/inquiry_map/inquiry_map_common.rb
167,InquiryMap::OrthopedicSurgery,/Users/kouheiootsuka/development/github/iq/server/app/models/concerns/inquiry_map/orthopedic_surgery.rb
168,InquiryMap,/Users/kouheiootsuka/development/github/iq/server/app/models/concerns/inquiry_map/orthopedic_surgery.rb
169,InquiryMap::Dementia,/Users/kouheiootsuka/development/github/iq/server/app/models/concerns/inquiry_map/dementia.rb
170,InquiryMap,/Users/kouheiootsuka/development/github/iq/server/app/models/concerns/inquiry_map/dementia.rb
171,InquiryMap::GerdFscale,/Users/kouheiootsuka/development/github/iq/server/app/models/concerns/inquiry_map/gerd_fscale.rb
172,InquiryMap,/Users/kouheiootsuka/development/github/iq/server/app/models/concerns/inquiry_map/gerd_fscale.rb
173,InquiryMap::PreBph,/Users/kouheiootsuka/development/github/iq/server/app/models/concerns/inquiry_map/pre_bph.rb
174,InquiryMap,/Users/kouheiootsuka/development/github/iq/server/app/models/concerns/inquiry_map/pre_bph.rb
175,InquiryMap::PreCopd,/Users/kouheiootsuka/development/github/iq/server/app/models/concerns/inquiry_map/pre_copd.rb
176,InquiryMap,/Users/kouheiootsuka/development/github/iq/server/app/models/concerns/inquiry_map/pre_copd.rb
177,DateFormatter,/Users/kouheiootsuka/development/github/iq/server/app/models/concerns/date_formatter.rb
178,PatientCsvReaderGenerator,/Users/kouheiootsuka/development/github/iq/server/app/models/concerns/patient_csv_reader_generator.rb
179,PatientCsvReadError,/Users/kouheiootsuka/development/github/iq/server/app/models/concerns/patient_csv_reader_generator.rb
180,MonitoringUtil,/Users/kouheiootsuka/development/github/iq/server/app/models/concerns/monitoring_util.rb
181,PatientCsvReader::OrcaCsvReader,/Users/kouheiootsuka/development/github/iq/server/app/models/concerns/patient_csv_reader/orca_csv_reader.rb
182,PatientCsvReader,/Users/kouheiootsuka/development/github/iq/server/app/models/concerns/patient_csv_reader/orca_csv_reader.rb
183,PatientCsvReader::CsvReader,/Users/kouheiootsuka/development/github/iq/server/app/models/concerns/patient_csv_reader/csv_reader.rb
184,PatientCsvReader,/Users/kouheiootsuka/development/github/iq/server/app/models/concerns/patient_csv_reader/csv_reader.rb
185,PatientCsvReader::YadocCsvReader,/Users/kouheiootsuka/development/github/iq/server/app/models/concerns/patient_csv_reader/yadoc_csv_reader.rb
186,PatientCsvReader,/Users/kouheiootsuka/development/github/iq/server/app/models/concerns/patient_csv_reader/yadoc_csv_reader.rb
187,QuestionnaireCommon,/Users/kouheiootsuka/development/github/iq/server/app/models/concerns/questionnaire_common.rb
188,DiseaseManagementProgramType,/Users/kouheiootsuka/development/github/iq/server/app/models/concerns/disease_management_program_type.rb
189,DeepFreeze,/Users/kouheiootsuka/development/github/iq/server/app/models/concerns/deep_freeze.rb
190,Paygent,/Users/kouheiootsuka/development/github/iq/server/app/models/concerns/paygent.rb
191,PersonalUserSignUp,/Users/kouheiootsuka/development/github/iq/server/app/models/concerns/personal_user_sign_up.rb
192,Reservation,/Users/kouheiootsuka/development/github/iq/server/app/models/reservation.rb
